{ "event number":0, "run number": 0, "xAOD::Type::TrackParticle" : {"InDetTrackParticles" : {"Trk 0": {"chi2": 12.6197, "dof": 15,"dparams": [0, 0 ,-2.77408, 1.67221 ,0.000262313 ],"pos": [[-19.6102, -7.51261, -2.13705],[-24.283, -9.29175, -2.64587],[-27.1887, -10.396, -2.96219],[-50.4018, -19.1587, -5.48708],[-81.8919, -30.8804, -8.90623],[-111.096, -41.5817, -12.0711],[-113.853, -42.5834, -12.3695],[-151.07, -55.9663, -16.3937],[-188.714, -69.2367, -20.4549],[-205.706, -75.1396, -22.2851],[-234.411, -84.9888, -25.3727],[-331.74, -117.245, -35.8042],[-468.389, -159.605, -50.3573],[-468.389, -159.605, -50.3573],[-860.195, -262.612, -91.5644]]},"Trk 1": {"chi2": 12.6197, "dof": 15,"dparams": [0, 0 ,2.97792, 1.41519 ,0.000494464 ],"pos": [[-20.7084, 3.48703, 3.29444],[-25.6358, 4.3365, 4.07885],[-28.3001, 4.79898, 4.50308],[-30.2932, 5.1464, 4.82047],[-53.1903, 9.22716, 8.46919],[-86.746, 15.5057, 13.8248],[-117.795, 21.6328, 18.7901],[-155.531, 29.4927, 24.8378],[-159.033, 30.2453, 25.3999],[-196.868, 38.627, 31.4802],[-196.868, 38.627, 31.4802],[-214.785, 42.7576, 34.3652],[-247.789, 50.6394, 39.6894],[-341.712, 75.0304, 54.9174],[-342.915, 75.3616, 55.1131],[-481.29, 116.763, 77.7827],[-674.815, 185.957, 110.05],[-864.747, 267.523, 142.514],[-864.747, 267.523, 142.514]]},"Trk 2": {"chi2": 12.6197, "dof": 15,"dparams": [0, 0 ,-0.1238, 1.54 ,0.000220885 ],"pos": [[20.8356, -2.62211, 0.646968],[25.7955, -3.25495, 0.801005],[28.1446, -3.55586, 0.873966],[53.3386, -6.83003, 1.65663],[56.7251, -7.27668, 1.76185],[86.5645, -11.2798, 2.68927],[120.004, -15.9098, 3.72912],[158.422, -21.4174, 4.92454],[196.693, -27.1042, 6.11617],[199.887, -27.5879, 6.21566],[216.909, -30.1892, 6.74599],[243.484, -34.3297, 7.57426],[350.753, -52.0317, 10.9223],[494.948, -78.3423, 15.4354],[692.47, -119.128, 21.6447]]},"Trk 3": {"chi2": 12.6197, "dof": 15,"dparams": [0, 0 ,2.66529, 1.41247 ,-0.000151764 ],"pos": [[-18.6719, 9.61036, 3.35298],[-23.1204, 11.8932, 4.15131],[-26.3534, 13.5507, 4.73139],[-48.7327, 24.9868, 8.7441],[-78.1613, 39.926, 14.0135],[-106.018, 53.9638, 18.994],[-108.846, 55.3835, 19.4993],[-141.591, 71.7449, 25.3437],[-178.539, 90.0414, 31.9265],[-178.539, 90.0414, 31.9265],[-195.627, 98.4439, 34.9666],[-223.869, 112.25, 39.9857],[-224.311, 112.466, 40.0641],[-309.899, 153.685, 55.231],[-449.63, 219.013, 79.8571],[-636.181, 302.492, 112.485],[-815.994, 378.988, 143.679],[-815.994, 378.988, 143.679]]},"Trk 4": {"chi2": 12.6197, "dof": 15,"dparams": [0, 0 ,0.30529, 1.0947 ,-0.000177481 ],"pos": [[20.021, 6.33709, 10.829],[24.7856, 7.85333, 13.4073],[27.4705, 8.70914, 14.8604],[51.7312, 16.4874, 27.9982],[84.0899, 26.989, 45.5412],[114.236, 36.9037, 61.9058],[150.967, 49.1558, 81.873],[188.414, 61.8415, 102.261],[192.546, 63.2534, 104.513],[207.994, 68.5533, 112.935],[235.215, 77.9745, 127.789],[332.454, 112.49, 180.999],[467.878, 162.829, 255.507],[656.499, 237.436, 360.116],[839.045, 314.754, 462.358]]},"Trk 5": {"chi2": 12.6197, "dof": 15,"dparams": [0, 0 ,0.159558, 2.02774 ,0.000329422 ],"pos": [[20.7409, 3.28866, -10.3246],[25.6814, 4.05756, -12.7829],[29.2496, 4.60944, -14.558],[55.6551, 8.60332, -27.6879],[86.8947, 13.1239, -43.2068],[118.004, 17.4061, -58.6459],[120.036, 17.6783, -59.654],[157.795, 22.5648, -78.3733],[196.254, 27.2124, -97.4204],[200.521, 27.7076, -99.5322],[216.993, 29.5808, -107.683],[246.808, 32.817, -122.429],[347.536, 42.2832, -172.175],[897.378, 54.4237, -442.786]]},"Trk 6": {"chi2": 12.6197, "dof": 15,"dparams": [0, 0 ,-1.30207, 1.13982 ,-0.000125585 ],"pos": [[5.59319, -20.2414, 9.65584],[6.93008, -25.0594, 11.9548],[7.64864, -27.6458, 13.1891],[8.36181, -30.2106, 14.4132],[14.6291, -52.6561, 25.1284],[23.9678, -85.7963, 40.9597],[32.3743, -115.323, 55.0756],[43.4525, -153.806, 73.4884],[54.7671, -192.623, 92.0792],[54.7671, -192.623, 92.0792],[60.0562, -210.605, 100.697],[69.1145, -241.164, 115.352],[97.537, -335.189, 160.517],[143.584, -481.972, 231.251],[203.802, -664.708, 319.717],[271.467, -859.179, 414.394]]},"Trk 7": {"chi2": 12.6197, "dof": 15,"dparams": [0, 0 ,-2.6911, 1.53213 ,0.000109997 ],"pos": [[-18.9112, -9.13045, 0.812414],[-23.4158, -11.3005, 1.00585],[-25.7456, -12.4222, 1.10588],[-50.6944, -24.4029, 2.17662],[-79.5097, -38.1708, 3.41217],[-107.651, -51.5449, 4.61766],[-109.546, -52.4429, 4.69879],[-142.849, -68.173, 6.12385],[-181.087, -86.1125, 7.75816],[-197.834, -93.9284, 8.47328],[-229.363, -108.576, 9.81855],[-314.718, -147.789, 13.4536],[-456.451, -211.496, 19.4679],[-824.117, -368.687, 34.9491]]},"Trk 8": {"chi2": 12.6197, "dof": 15,"dparams": [0, 0 ,-1.0078, 1.36668 ,0.000658519 ],"pos": [[11.1329, -17.806, 4.34702],[13.7615, -22.0595, 5.38205],[15.1099, -24.249, 5.91432],[28.8155, -46.7962, 11.3762],[44.9792, -74.102, 17.9447],[46.6913, -77.0414, 18.6488],[61.6867, -103.192, 24.8888],[81.0032, -138.005, 33.1304],[100.383, -174.315, 41.6506],[108.606, -190.173, 45.3483],[123.484, -219.599, 52.1742],[165.664, -308.824, 72.6062],[285.415, -635.476, 144.695],[285.415, -635.476, 144.695],[334.24, -835.77, 187.399]]},"Trk 9": {"chi2": 12.6197, "dof": 15,"dparams": [0, 0 ,2.59206, 2.00906 ,-9.2087e-05 ],"pos": [[-17.9151, 10.9567, -9.84199],[-22.1827, 13.5621, -12.1853],[-24.1367, 14.7544, -13.2581],[-25.8527, 15.8012, -14.2002],[-47.411, 28.9277, -26.0294],[-74.3983, 45.2959, -40.8221],[-76.341, 46.4714, -41.8862],[-101.688, 61.7756, -55.763],[-103.246, 62.7143, -56.6156],[-137.682, 83.401, -75.4426],[-171.03, 103.326, -93.6491],[-171.03, 103.326, -93.6491],[-187.514, 113.135, -102.639],[-211.271, 127.226, -115.584],[-301.655, 180.346, -164.719],[-600.706, 350.644, -326.014],[-782.533, 450.18, -423.17]]}}}}